league;season;id;name;slug;short_name;team;country;position;second_position;third_position;weight;height;shirt_number;pref_foot;date_birth;contract_until;market_value
73;2526;826643;Kylian Mbappé;kylian-mbappe;K. Mbappé;Real Madrid;France;ST;;;73.0;178.0;10.0;Right;914112000.0;1877472000.0;212000000.0
73;2526;1402912;Lamine Yamal;;;;;;;;;;;;;;
73;2526;868812;Vinícius Júnior;;;;;;;;;;;;;;
73;2526;991011;Jude Bellingham;;;;;;;;;;;;;;
73;2526;831005;Raphinha;;;;;;;;;;;;;;
73;2526;910536;Rodrygo;;;;;;;;;;;;;;
73;2526;992587;Pedri;;;;;;;;;;;;;;
73;2526;41789;Robert Lewandowski;;;;;;;;;;;;;;
73;2526;1174937;Endrick;;;;;;;;;;;;;;
73;2526;1091116;Arda Güler;;;;;;;;;;;;;;
73;2526;831808;Federico Valverde;;;;;;;;;;;;;;
73;2526;814590;Marcus Rashford;;;;;;;;;;;;;;
73;2526;1103693;Pablo Gavi;;;;;;;;;;;;;;
73;2526;835485;Brahim Díaz;;;;;;;;;;;;;;
73;2526;944656;Julián Alvarez;;;;;;;;;;;;;;
73;2526;958380;Antony;;;;;;;;;;;;;;
73;2526;795064;Trent Alexander-Arnold;;;;;;;;;;;;;;
73;2526;70988;Thibaut Courtois;;;;;;;;;;;;;;
73;2526;795222;Frenkie de Jong;;;;;;;;;;;;;;
73;2526;142622;Antonio Rüdiger;;;;;;;;;;;;;;
73;2526;789071;Dani Olmo;;;;;;;;;;;;;;
73;2526;973887;Eduardo Camavinga;;;;;;;;;;;;;;
73;2526;1403559;Franco Mastantuono;;;;;;;;;;;;;;
73;2526;1153270;Fermín López;;;;;;;;;;;;;;
73;2526;1176744;Dean Huijsen;;;;;;;;;;;;;;
73;2526;1402913;Pau Cubarsí;;;;;;;;;;;;;;
73;2526;138572;Daniel Carvajal;;;;;;;;;;;;;;
73;2526;827212;Jules Koundé;;;;;;;;;;;;;;
73;2526;859025;Aurélien Tchouaméni;;;;;;;;;;;;;;
73;2526;855833;Ferran Torres;;;;;;;;;;;;;;
73;2526;822519;Éder Militão;;;;;;;;;;;;;;
73;2526;925097;Ronald Araújo;;;;;;;;;;;;;;
73;2526;997035;Alejandro Balde;;;;;;;;;;;;;;
73;2526;88625;Marc-André Ter Stegen;;;;;;;;;;;;;;
73;2526;1156645;Raúl Asencio;;;;;;;;;;;;;;
73;2526;930267;Joan García;;;;;;;;;;;;;;
73;2526;1402716;Gonzalo García;;;;;;;;;;;;;;
73;2526;85859;Antoine Griezmann;;;;;;;;;;;;;;
73;2526;1162107;Roony Bardghji;;;;;;;;;;;;;;
73;2526;50490;Wojciech Szczęsny;;;;;;;;;;;;;;
73;2526;66492;David Alaba;;;;;;;;;;;;;;
73;2526;138892;João Cancelo;;;;;;;;;;;;;;
73;2526;824200;Ademola Lookman;;;;;;;;;;;;;;
73;2526;1085400;Nico Williams;;;;;;;;;;;;;;
73;2526;1085081;Álvaro Carreras;;;;;;;;;;;;;;
73;2526;1926085;Dro Fernández;;;;;;;;;;;;;;
73;2526;792073;Ferland Mendy;;;;;;;;;;;;;;
73;2526;547838;Dani Ceballos;;;;;;;;;;;;;;
73;2526;851271;Fran García;;;;;;;;;;;;;;
73;2526;1000483;Marc Casadó;;;;;;;;;;;;;;
73;2526;186795;Andreas Christensen;;;;;;;;;;;;;;
73;2526;1526618;Marc Bernal;;;;;;;;;;;;;;
73;2526;876214;Eric García;;;;;;;;;;;;;;
73;2526;115665;Cédric Bakambu;;;;;;;;;;;;;;
73;2526;1402908;Hector Fort;;;;;;;;;;;;;;
73;2526;794949;Iñaki Peña;;;;;;;;;;;;;;
73;2526;1011375;Abdessamad Ezzalzouli;;;;;;;;;;;;;;
73;2526;1094827;Gerard Martín;;;;;;;;;;;;;;
73;2526;316148;Thomas Partey;;;;;;;;;;;;;;
73;2526;1482424;Claudio Echeverri;;;;;;;;;;;;;;
73;2526;1082981;Pablo Torre;;;;;;;;;;;;;;
73;2526;879694;Pape Gueye;;;;;;;;;;;;;;
73;2526;991421;Azzedine Ounahi;;;;;;;;;;;;;;
73;2526;34120;Alexis Sánchez;;;;;;;;;;;;;;
73;2526;1590761;Toni Fernández;;;;;;;;;;;;;;
73;2526;944660;Thiago Almada;;;;;;;;;;;;;;
73;2526;359272;Sofyan Amrabat;;;;;;;;;;;;;;
73;2526;103417;Isco;;;;;;;;;;;;;;
73;2526;946381;Akor Adams;;;;;;;;;;;;;;
73;2526;880218;Takefusa Kubo;;;;;;;;;;;;;;
73;2526;783374;Iñaki Williams;;;;;;;;;;;;;;
73;2526;309078;Alexander Sørloth;;;;;;;;;;;;;;
73;2526;1393673;Etta Eyong;;;;;;;;;;;;;;
73;2526;901325;Nicolás González;;;;;;;;;;;;;;
73;2526;1901143;Víctor Valdepeñas;;;;;;;;;;;;;;
73;2526;904970;Conor Gallagher;;;;;;;;;;;;;;
73;2526;1154549;Mario Martín;;;;;;;;;;;;;;
73;2526;1099352;Giuliano Simeone;;;;;;;;;;;;;;
73;2526;1089108;Ilias Akhomach;;;;;;;;;;;;;;
73;2526;1142689;David Jiménez;;;;;;;;;;;;;;
73;2526;798835;Giovani Lo Celso;;;;;;;;;;;;;;
73;2526;1154587;Álvaro Rodriguez;;;;;;;;;;;;;;
73;2526;831799;Nahuel Molina;;;;;;;;;;;;;;
73;2526;1009372;Georges Mikautadze;;;;;;;;;;;;;;
73;2526;35532;Salomón Rondón;;;;;;;;;;;;;;
73;2526;1485300;Vitor Reis;;;;;;;;;;;;;;
73;2526;593526;Nicolas Pépé;;;;;;;;;;;;;;
73;2526;69768;Jan Oblak;;;;;;;;;;;;;;
73;2526;823622;Mikel Oyarzabal;;;;;;;;;;;;;;
73;2526;758664;Charles Pickel;;;;;;;;;;;;;;
73;2526;1087359;Renato Veiga;;;;;;;;;;;;;;
73;2526;1587196;Jofre Torrents ;;;;;;;;;;;;;;
73;2526;1145642;Victor Muñoz;;;;;;;;;;;;;;
73;2526;17651;Santi Cazorla;;;;;;;;;;;;;;
73;2526;1211632;Wesley;;;;;;;;;;;;;;
73;2526;1939137;Tomás Marqués;;;;;;;;;;;;;;
73;2526;149734;Aymeric Laporte;;;;;;;;;;;;;;
73;2526;1403364;Youssef Enriquez Lekhedim;;;;;;;;;;;;;;
73;2526;1092769;Yáser Asprilla;;;;;;;;;;;;;;
73;2526;35612;Axel Witsel;;;;;;;;;;;;;;
73;2526;910031;Alejandro Baena;;;;;;;;;;;;;;
73;2526;353138;Marcos Llorente;;;;;;;;;;;;;;
73;2526;887055;Cucho Hernández;;;;;;;;;;;;;;
73;2526;37318;Ante Budimir;;;;;;;;;;;;;;
73;2526;965031;Andrei Rațiu;;;;;;;;;;;;;;
73;2526;865651;Giacomo Raspadori;;;;;;;;;;;;;;
73;2526;1590121;Jorge Cestero;;;;;;;;;;;;;;
73;2526;580550;Clément Lenglet;;;;;;;;;;;;;;
73;2526;361790;Donny van de Beek;;;;;;;;;;;;;;
73;2526;69408;Marcos Alonso;;;;;;;;;;;;;;
73;2526;973290;Tajon Buchanan;;;;;;;;;;;;;;
73;2526;797291;Unai Simón;;;;;;;;;;;;;;
73;2526;1142588;Pablo Barrios;;;;;;;;;;;;;;
73;2526;1064026;Omar El Hilali;;;;;;;;;;;;;;
73;2526;1116388;Jon Aramburu;;;;;;;;;;;;;;
73;2526;962890;Ilaix Moriba;;;;;;;;;;;;;;
73;2526;787751;Robin Le Normand;;;;;;;;;;;;;;
73;2526;1126447;Lucas Cepeda;;;;;;;;;;;;;;
73;2526;873189;Juan Foyth;;;;;;;;;;;;;;
73;2526;1939173;Jan Virgili;;;;;;;;;;;;;;
73;2526;949156;Luka Sučić;;;;;;;;;;;;;;
73;2526;984624;Yéremy Pino;;;;;;;;;;;;;;
73;2526;310874;Vedat Muriqi;;;;;;;;;;;;;;
73;2526;191182;Thomas Lemar;;;;;;;;;;;;;;
73;2526;325355;José María Giménez;;;;;;;;;;;;;;
73;2526;84539;Koke;;;;;;;;;;;;;;
73;2526;263651;Juan Musso;;;;;;;;;;;;;;
73;2526;190159;André Silva;;;;;;;;;;;;;;
73;2526;942836;Haissem Hassan;;;;;;;;;;;;;;
73;2526;1000150;Zito Luvumbo;;;;;;;;;;;;;;
73;2526;862223;Manor Solomon;;;;;;;;;;;;;;
73;2526;990169;Johnny Cardoso;;;;;;;;;;;;;;
73;2526;1084730;Bryan Zaragoza;;;;;;;;;;;;;;
73;2526;319735;Viktor Tsygankov;;;;;;;;;;;;;;
73;2526;1520799;Maroan Sannadi;;;;;;;;;;;;;;
73;2526;19356;Iago Aspas;;;;;;;;;;;;;;
73;2526;908714;Arnau Tenas;;;;;;;;;;;;;;
73;2526;823631;Dodi Lukebakio;;;;;;;;;;;;;;
73;2526;807771;Dávid Hancko;;;;;;;;;;;;;;
73;2526;913679;Pathé Ismaël Ciss;;;;;;;;;;;;;;
73;2526;1119345;Obed Vargas;;;;;;;;;;;;;;
73;2526;989113;Rodrigo Riquelme;;;;;;;;;;;;;;
73;2526;1129401;Nelson Deossa;;;;;;;;;;;;;;
73;2526;21555;César Azpilicueta;;;;;;;;;;;;;;
73;2526;1066045;Arsen Zakharyan;;;;;;;;;;;;;;
73;2526;905639;Kwasi Sibo;;;;;;;;;;;;;;
73;2526;1117026;Federico Redondo;;;;;;;;;;;;;;
73;2526;855835;Sergio Gómez;;;;;;;;;;;;;;
73;2526;1458073;Nobel Mendy;;;;;;;;;;;;;;
73;2526;1884145;Christantus Uche;;;;;;;;;;;;;;
73;2526;839585;Yangel Herrera;;;;;;;;;;;;;;
73;2526;606346;Eric Bailly;;;;;;;;;;;;;;
73;2526;1126779;Williot Swedberg;;;;;;;;;;;;;;
73;2526;785989;Borja Iglesias;;;;;;;;;;;;;;
73;2526;1101232;Abqar, Abdelkabir;;;;;;;;;;;;;;
73;2526;838629;Álvaro Fidalgo;;;;;;;;;;;;;;
73;2526;146866;Gerard Moreno;;;;;;;;;;;;;;
73;2526;818986;Gabriel Suazo;;;;;;;;;;;;;;
73;2526;797306;Mouctar Diakhaby;;;;;;;;;;;;;;
73;2526;175753;Mariano Díaz;;;;;;;;;;;;;;
73;2526;1120504;Abdel Rahim;;;;;;;;;;;;;;
73;2526;344847;Johan Mojica;;;;;;;;;;;;;;
73;2526;609752;Guido Rodríguez;;;;;;;;;;;;;;
73;2526;188365;Héctor Bellerín;;;;;;;;;;;;;;
73;2526;859773;Óscar Mingueza;;;;;;;;;;;;;;
73;2526;962029;Lucas Beltrán;;;;;;;;;;;;;;
73;2526;345195;Ayoze Pérez;;;;;;;;;;;;;;
73;2526;832427;Carlos Soler;;;;;;;;;;;;;;
73;2526;815202;Ionuț Radu;;;;;;;;;;;;;;
73;2526;949962;Ferran Jutglà;;;;;;;;;;;;;;
73;2526;1012444;Alberto Moleiro;;;;;;;;;;;;;;
73;2526;280979;Gonçalo Guedes;;;;;;;;;;;;;;
73;2526;910026;Bryan Gil;;;;;;;;;;;;;;
73;2526;827064;Arnaut Danjuma;;;;;;;;;;;;;;
73;2526;966801;Oihan Sancet;;;;;;;;;;;;;;
73;2526;1015287;Natan;;;;;;;;;;;;;;
73;2526;996903;Lucas Bergström;;;;;;;;;;;;;;
73;2526;875890;Chidera Ejuke;;;;;;;;;;;;;;
73;2526;910978;Daniel Vivian;;;;;;;;;;;;;;
73;2526;754710;Umar Sadiq;;;;;;;;;;;;;;
73;2526;1391752;Rodrigo Mendoza;;;;;;;;;;;;;;
73;2526;257091;Duje Ćaleta-Car;;;;;;;;;;;;;;
73;2526;138149;Odysseas Vlachodimos;;;;;;;;;;;;;;
73;2526;976374;Vladyslav Vanat;;;;;;;;;;;;;;
73;2526;1094106;Marc Pubill;;;;;;;;;;;;;;
73;2526;909119;Hugo Duro;;;;;;;;;;;;;;
73;2526;848512;Grady Diangana;;;;;;;;;;;;;;
73;2526;44864;Daley Blind;;;;;;;;;;;;;;
73;2526;791773;Álex Remiro;;;;;;;;;;;;;;
73;2526;816763;Fornals, Pablo;;;;;;;;;;;;;;
73;2526;1026015;Orri Steinn Óskarsson;;;;;;;;;;;;;;
73;2526;872919;Ruben Vargas;;;;;;;;;;;;;;
73;2526;1008037;Ilyas Chaira;;;;;;;;;;;;;;
73;2526;605672;Gorka Guruzeta;;;;;;;;;;;;;;
73;2526;1468046;Santiago Mouriño;;;;;;;;;;;;;;
73;2526;965011;Matteo Ruggeri;;;;;;;;;;;;;;
73;2526;1172477;Tani Oluwaseyi;;;;;;;;;;;;;;
73;2526;307702;Djené;;;;;;;;;;;;;;
73;2526;353250;Álvaro Odriozola;;;;;;;;;;;;;;
73;2526;604954;Borja Mayoral;;;;;;;;;;;;;;
73;2526;1067582;Boyomo, Flavien;;;;;;;;;;;;;;
73;2526;825133;Javi Galán;;;;;;;;;;;;;;
73;2526;1010656;Carlos Álvarez;;;;;;;;;;;;;;
73;2526;1066603;Luiz Júnior;;;;;;;;;;;;;;
73;2526;268903;Neal Maupay;;;;;;;;;;;;;;
73;2526;1083832;Kervin Arriaga;;;;;;;;;;;;;;
73;2526;984623;Rafa Marín;;;;;;;;;;;;;;
73;2526;1893910;Pablo García;;;;;;;;;;;;;;
73;2526;914835;Junior Firpo;;;;;;;;;;;;;;
73;2526;892235;David Carmo;;;;;;;;;;;;;;
73;2526;973536;Martín Satriano;;;;;;;;;;;;;;
73;2526;899982;Isi Palazón;;;;;;;;;;;;;;
73;2526;357598;Josip Brekalo;;;;;;;;;;;;;;
73;2526;788216;Pablo Maffeo;;;;;;;;;;;;;;
73;2526;1186010;Valentín Gómez;;;;;;;;;;;;;;
73;2526;789381;Chimy Ávila;;;;;;;;;;;;;;
73;2526;856250;Ladislav Krejčí;;;;;;;;;;;;;;
73;2526;960006;Lucien Agoumé;;;;;;;;;;;;;;
73;2526;1392592;Roberto Fernández;;;;;;;;;;;;;;
73;2526;309546;Takuma Asano;;;;;;;;;;;;;;
73;2526;825754;Rafa Mir;;;;;;;;;;;;;;
73;2526;879875;Facundo Garcés;;;;;;;;;;;;;;
73;2526;845385;Brais Méndez;;;;;;;;;;;;;;
73;2526;39182;Dani Parejo;;;;;;;;;;;;;;
73;2526;1084399;Carlos Vicente;;;;;;;;;;;;;;
73;2526;799054;Djibril Sow;;;;;;;;;;;;;;
73;2526;164343;Paulo Gazzaniga;;;;;;;;;;;;;;
73;2526;877037;Cyril Ngonge;;;;;;;;;;;;;;
73;2526;1398511;Adama Boiro;;;;;;;;;;;;;;
73;2526;592012;Álex Berenguer;;;;;;;;;;;;;;
73;2526;900003;Jorge de Frutos;;;;;;;;;;;;;;
73;2526;99519;Marc Bartra;;;;;;;;;;;;;;
73;2526;32048;Cristhian Stuani;;;;;;;;;;;;;;
73;2526;826948;Pepelu;;;;;;;;;;;;;;
73;2526;344129;José Luis Morales;;;;;;;;;;;;;;
73;2526;1173575;Jones El-Abdellaoui;;;;;;;;;;;;;;
73;2526;1122610;Javier Guerra;;;;;;;;;;;;;;
73;2526;1495844;Mikel Jauregizar;;;;;;;;;;;;;;
73;2526;67769;Ricardo Rodríguez;;;;;;;;;;;;;;
73;2526;227922;José Luis Gayà;;;;;;;;;;;;;;
73;2526;974713;Luis Vázquez;;;;;;;;;;;;;;
73;2526;68332;Nemanja Gudelj;;;;;;;;;;;;;;
73;2526;1084081;Arnau Martínez;;;;;;;;;;;;;;
73;2526;855832;Antonio Blanco;;;;;;;;;;;;;;
73;2526;190405;Leander Dendoncker;;;;;;;;;;;;;;
73;2526;909966;Largie Ramazani;;;;;;;;;;;;;;
73;2526;966862;Ander Barrenetxea;;;;;;;;;;;;;;
73;2526;1106573;Jhon Solís;;;;;;;;;;;;;;
73;2526;328145;Adnan Januzaj;;;;;;;;;;;;;;
73;2526;794937;Carles Aleñá;;;;;;;;;;;;;;
73;2526;980383;Raúl Moro;;;;;;;;;;;;;;
73;2526;1216282;Luca Koleosho;;;;;;;;;;;;;;
73;2526;893642;Marash Kumbulla;;;;;;;;;;;;;;
73;2526;1131909;Leo Román;;;;;;;;;;;;;;
73;2526;811629;Luis Milla;;;;;;;;;;;;;;
73;2526;134029;Mathew Ryan;;;;;;;;;;;;;;
73;2526;831510;Veljko Birmančević;;;;;;;;;;;;;;
73;2526;847128;Marc Roca;;;;;;;;;;;;;;
73;2526;352544;Sheraldo Becker;;;;;;;;;;;;;;
73;2526;358910;Augusto Batalla;;;;;;;;;;;;;;
73;2526;158615;Matías Vecino;;;;;;;;;;;;;;
73;2526;385888;Mauro Arambarri;;;;;;;;;;;;;;
73;2526;138383;Denis Suárez;;;;;;;;;;;;;;
73;2526;1018190;Romero, Isaac;;;;;;;;;;;;;;
73;2526;826013;Abel Ruíz;;;;;;;;;;;;;;
73;2526;988351;Samú Costa;;;;;;;;;;;;;;
73;2526;814385;Lucas Boyé;;;;;;;;;;;;;;
73;2526;1014042;Iván Romero;;;;;;;;;;;;;;
73;2526;998950;Diego López;;;;;;;;;;;;;;
73;2526;1518971;Adam Boayar;;;;;;;;;;;;;;
73;2526;831253;Toni Martínez;;;;;;;;;;;;;;
73;2526;1177401;Matturro, Alan;;;;;;;;;;;;;;
73;2526;891511;Javi Puado;;;;;;;;;;;;;;
73;2526;945768;Bojan Miovski;;;;;;;;;;;;;;
73;2526;1082968;Abderrahman Rebbach;;;;;;;;;;;;;;
73;2526;976104;Federico Viñas;;;;;;;;;;;;;;
73;2526;1466116;Jon Martin;;;;;;;;;;;;;;
73;2526;859021;Batista Mendy;;;;;;;;;;;;;;
73;2526;985329;Aimar Oroz;;;;;;;;;;;;;;
73;2526;981604;Alemão;;;;;;;;;;;;;;
73;2526;548848;Pau López;;;;;;;;;;;;;;
73;2526;1003007;Tanguy Nianzou;;;;;;;;;;;;;;
73;2526;1131581;Carlos Martín;;;;;;;;;;;;;;
73;2526;1170693;Mateo Joseph;;;;;;;;;;;;;;
73;2526;294593;Álex Moreno;;;;;;;;;;;;;;
73;2526;891505;Goduine Koyalipou;;;;;;;;;;;;;;
73;2526;94527;Marko Dmitrović;;;;;;;;;;;;;;
73;2526;845693;André Almeida;;;;;;;;;;;;;;
73;2526;305278;Diego Llorente;;;;;;;;;;;;;;
73;2526;84531;Yuri Berchiche;;;;;;;;;;;;;;
73;2526;345111;Álvaro García;;;;;;;;;;;;;;
73;2526;959872;Aitor Paredes;;;;;;;;;;;;;;
73;2526;1201412;Thiago Fernández;;;;;;;;;;;;;;
73;2526;1010655;Juanlu Sánchez;;;;;;;;;;;;;;
73;2526;1496360;Matias Moreno;;;;;;;;;;;;;;
73;2526;986245;Sergi Cardona;;;;;;;;;;;;;;
73;2526;988672;David Affengruber;;;;;;;;;;;;;;
73;2526;260031;Rubén García;;;;;;;;;;;;;;
73;2526;1014412;Julen Agirrezabala;;;;;;;;;;;;;;
73;2526;1396048;Carlos Romero;;;;;;;;;;;;;;
73;2526;885664;Luka Ilić;;;;;;;;;;;;;;
73;2526;286167;Aleix Febas;;;;;;;;;;;;;;
73;2526;843678;Santi Comesaña;;;;;;;;;;;;;;
73;2526;88528;Florian Lejeune;;;;;;;;;;;;;;
73;2526;1526628;Fer López;;;;;;;;;;;;;;
73;2526;840951;Marcão;;;;;;;;;;;;;;
73;2526;1515554;Adrian Liso;;;;;;;;;;;;;;
73;2526;1137814;Sergi Altimira;;;;;;;;;;;;;;
73;2526;1895964;Bekhoucha, Ismael;;;;;;;;;;;;;;
73;2526;850035;Luiz Felipe;;;;;;;;;;;;;;
73;2526;896073;Nahuel Tenaglia;;;;;;;;;;;;;;
73;2526;294377;Sergio Herrera;;;;;;;;;;;;;;
73;2526;914765;Gonzalo Villar;;;;;;;;;;;;;;
73;2526;22209;Ørjan Nyland;;;;;;;;;;;;;;
73;2526;368922;Aarón Escandell;;;;;;;;;;;;;;
73;2526;1392092;Sebastián Boselli;;;;;;;;;;;;;;
73;2526;1015240;José Ángel Carmona;;;;;;;;;;;;;;
73;2526;84972;Kike García;;;;;;;;;;;;;;
73;2526;910024;Sergio Camello;;;;;;;;;;;;;;
73;2526;110783;Sergi Darder;;;;;;;;;;;;;;
73;2526;877262;Edu Expósito;;;;;;;;;;;;;;
73;2526;873947;Dani Raba;;;;;;;;;;;;;;
73;2526;96365;Iñigo Ruiz de Galarreta;;;;;;;;;;;;;;
73;2526;964983;Álvaro Valles;;;;;;;;;;;;;;
73;2526;869931;Yvan Neyou;;;;;;;;;;;;;;
73;2526;944165;Robert Navarro;;;;;;;;;;;;;;
73;2526;900792;Alejandro Catena;;;;;;;;;;;;;;
73;2526;932764;Randy Nteka;;;;;;;;;;;;;;
73;2526;1097719;Kike Salas;;;;;;;;;;;;;;
73;2526;1542721;Buba Sangare;;;;;;;;;;;;;;
73;2526;973699;Iván Martín;;;;;;;;;;;;;;
73;2526;838159;Igor Zubeldia;;;;;;;;;;;;;;
73;2526;893062;Aitor Ruibal;;;;;;;;;;;;;;
73;2526;997280;Raúl García de Haro;;;;;;;;;;;;;;
73;2526;997033;Peque Fernández;;;;;;;;;;;;;;
73;2526;835484;Fran Beltrán;;;;;;;;;;;;;;
73;2526;218616;Portu;;;;;;;;;;;;;;
73;2526;1149152;Stanis Idumbo Muzambo;;;;;;;;;;;;;;
73;2526;796320;Joseph Aidoo;;;;;;;;;;;;;;
73;2526;900433;Luis Rioja;;;;;;;;;;;;;;
73;2526;175185;Pere Milla;;;;;;;;;;;;;;
73;2526;962710;Germán Valera;;;;;;;;;;;;;;
73;2526;1100646;Neto, Martim;;;;;;;;;;;;;;
73;2526;97951;Stole Dimitrievski;;;;;;;;;;;;;;
73;2526;996928;César Tárrega;;;;;;;;;;;;;;
73;2526;81992;Leandro Cabrera;;;;;;;;;;;;;;
73;2526;928672;Adrià Pedrosa;;;;;;;;;;;;;;
73;2526;985262;Diarra, Moussa;;;;;;;;;;;;;;
73;2526;1108450;Zaid Romero;;;;;;;;;;;;;;
73;2526;842419;Valentin Rosier;;;;;;;;;;;;;;
73;2526;1391375;Unai Gómez;;;;;;;;;;;;;;
73;2526;1018547;Thiago Borbas;;;;;;;;;;;;;;
73;2526;1860172;Lass Kourouma;;;;;;;;;;;;;;
73;2526;851282;Thierry Correia;;;;;;;;;;;;;;
73;2526;350560;Diego Rico;;;;;;;;;;;;;;
73;2526;807116;Antonio Raíllo;;;;;;;;;;;;;;
73;2526;980410;Beñat Turrientes;;;;;;;;;;;;;;
73;2526;1516812;Ali Houary;;;;;;;;;;;;;;
73;2526;128637;Allan Nyom;;;;;;;;;;;;;;
73;2526;360718;Carl Starfelt;;;;;;;;;;;;;;
73;2526;1111081;Job Ochieng;;;;;;;;;;;;;;
73;2526;892521;Unai Núñez;;;;;;;;;;;;;;
73;2526;300522;Martin Valjent;;;;;;;;;;;;;;
73;2526;591750;Joan Jordán;;;;;;;;;;;;;;
73;2526;1398524;Pablo Durán;;;;;;;;;;;;;;
73;2526;976141;Jon Moncayola;;;;;;;;;;;;;;
73;2526;187313;Lucas Torró;;;;;;;;;;;;;;
73;2526;1184541;Alexander Freeman;;;;;;;;;;;;;;
73;2526;1063015;Tyrhys Dolan;;;;;;;;;;;;;;
73;2526;1154935;Hugo Álvarez;;;;;;;;;;;;;;
73;2526;576276;Domingos Duarte;;;;;;;;;;;;;;
73;2526;152446;Iván Balliu;;;;;;;;;;;;;;
73;2526;1482463;Juan Arango;;;;;;;;;;;;;;
73;2526;857482;Filip Ugrinić;;;;;;;;;;;;;;
73;2526;604258;David Soria;;;;;;;;;;;;;;
73;2526;941464;Federico Gattoni;;;;;;;;;;;;;;
73;2526;984789;Manuel Sánchez;;;;;;;;;;;;;;
73;2526;542634;Alfonso Espino;;;;;;;;;;;;;;
73;2526;910267;Jesús Areso;;;;;;;;;;;;;;
73;2526;1391616;Joel Roca;;;;;;;;;;;;;;
73;2526;1216309;Jon Gorrotxategi;;;;;;;;;;;;;;
73;2526;1046796;Calebe Gonçalves;;;;;;;;;;;;;;
73;2526;556884;Matías Dituro;;;;;;;;;;;;;;
73;2526;96369;Juanmi;;;;;;;;;;;;;;
73;2526;1010421;Josep Chavarría;;;;;;;;;;;;;;
73;2526;1120669;Hugo Sotelo;;;;;;;;;;;;;;
73;2526;149370;Moi Gómez;;;;;;;;;;;;;;
73;2526;822379;Santiago Colombatto;;;;;;;;;;;;;;
73;2526;855831;Víctor Chust;;;;;;;;;;;;;;
73;2526;1468090;Alfon González;;;;;;;;;;;;;;
73;2526;1521733;Vladyslav Krapyvtsov;;;;;;;;;;;;;;
73;2526;1012409;Beñat Prados;;;;;;;;;;;;;;
73;2526;1526627;Javi Rodríguez;;;;;;;;;;;;;;
73;2526;797290;Alfonso Pedraza;;;;;;;;;;;;;;
73;2526;1010891;Mourad El Ghezouani;;;;;;;;;;;;;;
73;2526;879543;Mateu Morey;;;;;;;;;;;;;;
73;2526;363774;Mihailo Ristić;;;;;;;;;;;;;;
73;2526;1160250;Tai Abed;;;;;;;;;;;;;;
73;2526;944629;Nicolas Fonseca;;;;;;;;;;;;;;
73;2526;1002347;Alejandro Francés;;;;;;;;;;;;;;
73;2526;235648;Jonny Otto;;;;;;;;;;;;;;
73;2526;900669;Pedro Díaz;;;;;;;;;;;;;;
73;2526;369004;Antonio Sivera;;;;;;;;;;;;;;
73;2526;934383;Jon Pacheco;;;;;;;;;;;;;;
73;2526;255999;Omar Mascarell;;;;;;;;;;;;;;
73;2526;21949;Óscar Trejo;;;;;;;;;;;;;;
73;2526;135116;David López;;;;;;;;;;;;;;
73;2526;2110897;Alejandro Rego;;;;;;;;;;;;;;
73;2526;949707;Juan Iglesias;;;;;;;;;;;;;;
73;2526;866810;Andoni Gorosabel;;;;;;;;;;;;;;
73;2526;826010;Pol Lozano;;;;;;;;;;;;;;
73;2526;1088565;Ramón Terrats;;;;;;;;;;;;;;
73;2526;1151851;Dawda Camara;;;;;;;;;;;;;;
73;2526;814023;Eray Cömert;;;;;;;;;;;;;;
73;2526;359742;Mikel Vesga;;;;;;;;;;;;;;
73;2526;349526;Dani Rodríguez;;;;;;;;;;;;;;
73;2526;588566;Unai López;;;;;;;;;;;;;;
73;2526;252815;Fábio Cardoso;;;;;;;;;;;;;;
73;2526;1012410;Alvaro Núñez;;;;;;;;;;;;;;
73;2526;1139409;Pablo Marín;;;;;;;;;;;;;;
73;2526;966637;Fran Pérez;;;;;;;;;;;;;;
73;2526;1152139;Angel Ortiz;;;;;;;;;;;;;;
73;2526;1002764;Sergio Carreira;;;;;;;;;;;;;;
73;2526;1019318;Nico Serrano;;;;;;;;;;;;;;
73;2526;344751;Baptiste Santamaria;;;;;;;;;;;;;;
73;2526;1087476;Kamara, Abu;;;;;;;;;;;;;;
73;2526;1064009;Urko González;;;;;;;;;;;;;;
73;2526;53739;Kiko Femenía;;;;;;;;;;;;;;
73;2526;997244;Adrián de la Fuente;;;;;;;;;;;;;;
73;2526;900008;Óscar Valentín;;;;;;;;;;;;;;
73;2526;151138;Dimitri Foulquier;;;;;;;;;;;;;;
73;2526;859769;Oriol Rey;;;;;;;;;;;;;;
73;2526;1953923;Selton Sanchez;;;;;;;;;;;;;;
73;2526;826004;Manu Morlanes;;;;;;;;;;;;;;
73;2526;605374;Tete Morente;;;;;;;;;;;;;;
73;2526;992331;Iker Losada;;;;;;;;;;;;;;
73;2526;913695;José Copete;;;;;;;;;;;;;;
73;2526;966441;Aihen Muñoz;;;;;;;;;;;;;;
73;2526;1010165;Abel Bretones;;;;;;;;;;;;;;
73;2526;996929;Jesús Vázquez;;;;;;;;;;;;;;
73;2526;1918369;Davinchi;;;;;;;;;;;;;;
73;2526;1008259;Javier Rueda;;;;;;;;;;;;;;
73;2526;1430667;Urko Izeta;;;;;;;;;;;;;;
73;2526;785468;Aritz Elustondo;;;;;;;;;;;;;;
73;2526;1392054;Coba da Costa;;;;;;;;;;;;;;
73;2526;945404;López, Javi;;;;;;;;;;;;;;
73;2526;801837;Íñigo Lekue;;;;;;;;;;;;;;
73;2526;326471;Gerard Gumbau;;;;;;;;;;;;;;
73;2526;873717;Carlos Benavídez;;;;;;;;;;;;;;
73;2526;845025;Ovie Ejaria;;;;;;;;;;;;;;
73;2526;1170694;Ugo Raghouber;;;;;;;;;;;;;;
73;2526;1014595;Marc Aguado;;;;;;;;;;;;;;
73;2526;149606;Jeremy Toljan;;;;;;;;;;;;;;
73;2526;1525863;Pau Navarro;;;;;;;;;;;;;;
73;2526;1092515;Yago Santiago;;;;;;;;;;;;;;
73;2526;1129360;Clemens Riedel;;;;;;;;;;;;;;
73;2526;1649918;Carlos Espí;;;;;;;;;;;;;;
73;2526;980732;Adrià Altimira;;;;;;;;;;;;;;
73;2526;1084381;Pablo Ibáñez;;;;;;;;;;;;;;
73;2526;141832;Pedro Bigas;;;;;;;;;;;;;;
73;2526;1466128;Dani Díaz;;;;;;;;;;;;;;
73;2526;882475;Alberto Reina;;;;;;;;;;;;;;
73;2526;1398526;Miguel Román;;;;;;;;;;;;;;
73;2526;1019236;Jofre Carreras;;;;;;;;;;;;;;
73;2526;788141;Jon Guridi;;;;;;;;;;;;;;
73;2526;146852;Abdón Prats;;;;;;;;;;;;;;
73;2526;1099175;Jon Karrikaburu;;;;;;;;;;;;;;
73;2526;844752;Nacho Vidal;;;;;;;;;;;;;;
73;2526;353154;Javier Muñoz;;;;;;;;;;;;;;
73;2526;891931;Ander Guevara;;;;;;;;;;;;;;
73;2526;1632454;Hugo Rincón;;;;;;;;;;;;;;
73;2526;927066;Pablo Martínez;;;;;;;;;;;;;;
73;2526;857205;Fernando Calero;;;;;;;;;;;;;;
73;2526;1010383;Jon Ander Olasagasti;;;;;;;;;;;;;;
73;2526;1085579;Pablo Cuñat;;;;;;;;;;;;;;
73;2526;1216080;Damián Rodríguez;;;;;;;;;;;;;;
73;2526;345333;David Costas;;;;;;;;;;;;;;
73;2526;966802;Unai Vencedor;;;;;;;;;;;;;;
73;2526;1914318;Marc Domenech;;;;;;;;;;;;;;
73;2526;966836;Álex Sola;;;;;;;;;;;;;;
73;2526;828239;Toni Lato;;;;;;;;;;;;;;
73;2526;1832286;Jano Monserrate;;;;;;;;;;;;;;
73;2526;944225;Herrando, Jorge;;;;;;;;;;;;;;
73;2526;949722;Antonio Sánchez;;;;;;;;;;;;;;
73;2526;1090681;Ramón Martínez;;;;;;;;;;;;;;
73;2526;827504;Léo Pétrot;;;;;;;;;;;;;;
73;2526;1119586;Iker Muñoz;;;;;;;;;;;;;;
73;2526;897902;Juan Cruz;;;;;;;;;;;;;;
73;2526;1142094;Bueno, Manu;;;;;;;;;;;;;;
73;2526;1398518;Álex Sancris;;;;;;;;;;;;;;
73;2526;1649919;Kareem Tunde;;;;;;;;;;;;;;
73;2526;1120947;Jozhua Vertrouwd;;;;;;;;;;;;;;
73;2526;1069703;Carlos Domínguez;;;;;;;;;;;;;;
73;2526;1139724;Pelayo Fernández;;;;;;;;;;;;;;
73;2526;813574;Unai Elgezabal;;;;;;;;;;;;;;
73;2526;1094758;John Donald;;;;;;;;;;;;;;
73;2526;1086346;Iker Benito;;;;;;;;;;;;;;
73;2526;909554;Roger Brugué;;;;;;;;;;;;;;
73;2526;1145100;Yoel Lago;;;;;;;;;;;;;;
73;2526;849731;Bambo Diaby;;;;;;;;;;;;;;
73;2526;1068891;Jose Salinas;;;;;;;;;;;;;;
73;2526;934351;Miguel Rubio;;;;;;;;;;;;;;
73;2526;1428699;Andres Castrin;;;;;;;;;;;;;;
73;2526;560756;Dani Calvo;;;;;;;;;;;;;;
73;2526;1136702;Mikel Goti;;;;;;;;;;;;;;
73;2526;1086128;Álex Forés;;;;;;;;;;;;;;
73;2526;1985103;Gorka  Carrera Zarranz;;;;;;;;;;;;;;
73;2526;1099344;Antoniu Roca;;;;;;;;;;;;;;
73;2526;591132;Kike Barja;;;;;;;;;;;;;;
73;2526;808955;Josan;;;;;;;;;;;;;;
73;2526;1534422;Oso;;;;;;;;;;;;;;
73;2526;914749;Sergio Lozano;;;;;;;;;;;;;;
73;2526;1526575;Arkaitz Mariezkurrena;;;;;;;;;;;;;;
73;2526;985726;Victor Parada;;;;;;;;;;;;;;
73;2526;855837;Diego Pampín;;;;;;;;;;;;;;
73;2526;857229;Oier Luengo;;;;;;;;;;;;;;
73;2526;1021165;Rubén Sánchez;;;;;;;;;;;;;;
73;2526;1630975;Manu Fernández;;;;;;;;;;;;;;
73;2526;952222;Víctor García;;;;;;;;;;;;;;
73;2526;1513896;David López;;;;;;;;;;;;;;
73;2526;1162309;Javi Llabrés;;;;;;;;;;;;;;
73;2526;2115056;Omar Falah;;;;;;;;;;;;;;
73;2526;597876;Lucas Ahijado;;;;;;;;;;;;;;
73;2526;1171626;Dani Pérez;;;;;;;;;;;;;;
73;2526;1869106;Paco Cortés;;;;;;;;;;;;;;
73;2526;2216007;Sanchez, Alex;;;;;;;;;;;;;;
73;2526;2238900;Carlos Maciá;;;;;;;;;;;;;;
73;2526;1905699;Jan Salas;;;;;;;;;;;;;;
73;2526;1518564;Miguel Sierra;;;;;;;;;;;;;;
73;2526;1399702;Asier Osambela;;;;;;;;;;;;;;
73;2526;1542759;Ivan Corralejo;;;;;;;;;;;;;;
73;2526;1807070;Jorge Cabello;;;;;;;;;;;;;;
73;2526;2049311;Nacho Pérez;;;;;;;;;;;;;;
73;2526;1966890;Hugo Lopez;;;;;;;;;;;;;;
73;2526;1520814;Mestanza, Alejandro;;;;;;;;;;;;;;
73;2526;1513222;Ángel Pérez;;;;;;;;;;;;;;
73;2526;1550822;Hierro, Asier;;;;;;;;;;;;;;
73;2526;1495856;Iñigo Arguibide;;;;;;;;;;;;;;
73;2526;602164;Jairo Izquierdo;;;;;;;;;;;;;;
73;2526;758666;Borja Sánchez;;;;;;;;;;;;;;
73;2526;1167704;Rubén Iranzo;;;;;;;;;;;;;;
73;2526;1535581;Lander Astiazaran;;;;;;;;;;;;;;
73;2526;1587199;Pablo Agudín;;;;;;;;;;;;;;
73;2526;2198232;Samu Becerra;;;;;;;;;;;;;;
73;2526;1639543;Aitor Mañas;;;;;;;;;;;;;;
73;2526;1425060;Eder Garcia;;;;;;;;;;;;;;
73;2526;1491660;José Luis Pérez;;;;;;;;;;;;;;
73;2526;1858279;Burcio, Hugo;;;;;;;;;;;;;;
73;2526;1548439;Marco Esteban;;;;;;;;;;;;;;
73;2526;1895197;Jorge Montes;;;;;;;;;;;;;;
73;2526;1429059;Hugo Solozábal;;;;;;;;;;;;;;
73;2526;1430809;Morcillo, Diego;;;;;;;;;;;;;;
73;2526;1122588;Lander Pinillos;;;;;;;;;;;;;;
